,cricketer,cricinfo_id
0,https://www.espncricinfo.com/cricketers/laxmi-yadav-1289558,1289558
1,https://www.espncricinfo.com/cricketers/kiran-navgire-1289983,1289983
2,https://www.espncricinfo.com/cricketers/shabnim-ismail-276997,276997
3,https://www.espncricinfo.com/cricketers/meg-lanning-329336,329336
4,https://www.espncricinfo.com/cricketers/sophie-ecclestone-878039,878039
5,https://www.espncricinfo.com/cricketers/hayley-matthews-474308,474308
6,https://www.espncricinfo.com/cricketers/nat-sciver-brunt-515905,515905
7,https://www.espncricinfo.com/cricketers/alyssa-healy-275486,275486
8,https://www.espncricinfo.com/cricketers/simran-shaikh-1255541,1255541
9,https://www.espncricinfo.com/cricketers/parshavi-chopra-1346678,1346678
10,https://www.espncricinfo.com/cricketers/shweta-sehrawat-1255442,1255442
11,https://www.espncricinfo.com/cricketers/soppadhandi-yashasri-1255485,1255485
12,https://www.espncricinfo.com/cricketers/lauren-bell-878025,878025
13,https://www.espncricinfo.com/cricketers/issy-wong-1146066,1146066
14,https://www.espncricinfo.com/cricketers/rajeshwari-gayakwad-709635,709635
15,https://www.espncricinfo.com/cricketers/shivali-shinde-960993,960993
16,https://www.espncricinfo.com/cricketers/tahlia-mcgrath-381311,381311
17,https://www.espncricinfo.com/cricketers/deepti-sharma-597811,597811
18,https://www.espncricinfo.com/cricketers/devika-vaidya-709837,709837
19,https://www.espncricinfo.com/cricketers/grace-harris-381268,381268
20,https://www.espncricinfo.com/cricketers/anjali-sarvani-960673,960673
21,https://www.espncricinfo.com/cricketers/smriti-mandhana-597806,597806
22,https://www.espncricinfo.com/cricketers/heather-knight-358259,358259
23,https://www.espncricinfo.com/cricketers/preeti-bose-709843,709843
24,https://www.espncricinfo.com/cricketers/komal-zanzad-961195,961195
25,https://www.espncricinfo.com/cricketers/meg-lanning-329336,329336
26,https://www.espncricinfo.com/cricketers/sophie-ecclestone-878039,878039
27,https://www.espncricinfo.com/cricketers/hayley-matthews-474308,474308
28,https://www.espncricinfo.com/cricketers/sophie-devine-231740,231740
29,https://www.espncricinfo.com/cricketers/sahana-pawar-960931,960931
30,https://www.espncricinfo.com/cricketers/nat-sciver-brunt-515905,515905
31,https://www.espncricinfo.com/cricketers/erin-burns-275447,275447
32,https://www.espncricinfo.com/cricketers/sobhana-asha-550687,550687
33,https://www.espncricinfo.com/cricketers/richa-ghosh-1212830,1212830
34,https://www.espncricinfo.com/cricketers/shreyanka-patil-1289948,1289948
35,https://www.espncricinfo.com/cricketers/poonam-khemnar-1289979,1289979
36,https://www.espncricinfo.com/cricketers/dane-van-niekerk-364413,364413
37,https://www.espncricinfo.com/cricketers/ellyse-perry-275487,275487
38,https://www.espncricinfo.com/cricketers/disha-kasat-961183,961183
39,https://www.espncricinfo.com/cricketers/megan-schutt-420314,420314
40,https://www.espncricinfo.com/cricketers/issy-wong-1146066,1146066
41,https://www.espncricinfo.com/cricketers/tahlia-mcgrath-381311,381311
42,https://www.espncricinfo.com/cricketers/renuka-singh-960853,960853
43,https://www.espncricinfo.com/cricketers/kanika-ahuja-1255560,1255560
44,https://www.espncricinfo.com/cricketers/indrani-roy-1255494,1255494
45,https://www.espncricinfo.com/cricketers/fazalhaq-farooqi-974175,974175
46,https://www.espncricinfo.com/cricketers/zahir-khan-712219,712219
47,https://www.espncricinfo.com/cricketers/wanindu-hasaranga-784379,784379
48,https://www.espncricinfo.com/cricketers/imran-tahir-40618,40618
49,https://www.espncricinfo.com/cricketers/james-vince-296597,296597
50,https://www.espncricinfo.com/cricketers/najibullah-zadran-524049,524049
51,https://www.espncricinfo.com/cricketers/craig-overton-464626,464626
52,https://www.espncricinfo.com/cricketers/bas-de-leede-1036191,1036191
53,https://www.espncricinfo.com/cricketers/will-smeed-1099224,1099224
54,https://www.espncricinfo.com/cricketers/tom-lammonby-902907,902907
55,https://www.espncricinfo.com/cricketers/chris-jordan-288992,288992
56,https://www.espncricinfo.com/cricketers/dwayne-bravo-51439,51439
57,https://www.espncricinfo.com/cricketers/brad-wheal-807535,807535
58,https://www.espncricinfo.com/cricketers/lorcan-tucker-928057,928057
59,https://www.espncricinfo.com/cricketers/kieron-pollard-230559,230559
60,https://www.espncricinfo.com/cricketers/andre-fletcher-51862,51862
61,https://www.espncricinfo.com/cricketers/trent-boult-277912,277912
62,https://www.espncricinfo.com/cricketers/alex-hales-249866,249866
63,https://www.espncricinfo.com/cricketers/vriitya-aravind-1178586,1178586
64,https://www.espncricinfo.com/cricketers/basil-hameed-1209110,1209110
65,https://www.espncricinfo.com/cricketers/dan-mousley-1172968,1172968
66,https://www.espncricinfo.com/cricketers/david-wiese-221140,221140
67,https://www.espncricinfo.com/cricketers/muhammad-waseem-1241277,1241277
68,https://www.espncricinfo.com/cricketers/zahoor-khan-384525,384525
69,https://www.espncricinfo.com/cricketers/jordan-thompson-766809,766809
70,https://www.espncricinfo.com/cricketers/nicholas-pooran-604302,604302
71,https://www.espncricinfo.com/cricketers/samit-patel-18632,18632
72,https://www.espncricinfo.com/cricketers/mckenny-clarke-1275937,1275937
73,https://www.espncricinfo.com/cricketers/heinrich-klaasen-436757,436757
74,https://www.espncricinfo.com/cricketers/trent-boult-277912,277912
75,https://www.espncricinfo.com/cricketers/cameron-gannon-326635,326635
76,https://www.espncricinfo.com/cricketers/andrew-tye-459508,459508
77,https://www.espncricinfo.com/cricketers/nicholas-pooran-604302,604302
78,https://www.espncricinfo.com/cricketers/quinton-de-kock-379143,379143
79,https://www.espncricinfo.com/cricketers/heinrich-klaasen-436757,436757
80,https://www.espncricinfo.com/cricketers/qais-ahmad-914171,914171
81,https://www.espncricinfo.com/cricketers/quinton-de-kock-379143,379143
82,https://www.espncricinfo.com/cricketers/tajinder-singh-1079860,1079860
83,https://www.espncricinfo.com/cricketers/marcus-stoinis-325012,325012
84,https://www.espncricinfo.com/cricketers/aaron-finch-5334,5334
85,https://www.espncricinfo.com/cricketers/finn-allen-959759,959759
86,https://www.espncricinfo.com/cricketers/amila-aponso-429748,429748
87,https://www.espncricinfo.com/cricketers/sanjay-krishnamurthi-1277627,1277627
88,https://www.espncricinfo.com/cricketers/carmi-le-roux-440894,440894
89,https://www.espncricinfo.com/cricketers/trent-boult-277912,277912
90,https://www.espncricinfo.com/cricketers/chaitanya-bishnoi-628217,628217
91,https://www.espncricinfo.com/cricketers/brody-couch-1219972,1219972
92,https://www.espncricinfo.com/cricketers/andrew-tye-459508,459508
93,https://www.espncricinfo.com/cricketers/haris-rauf-1161606,1161606
94,https://www.espncricinfo.com/cricketers/david-white-322812,322812
95,https://www.espncricinfo.com/cricketers/mackenzie-harvey-1076382,1076382
96,https://www.espncricinfo.com/cricketers/shadab-khan-922943,922943
97,https://www.espncricinfo.com/cricketers/cameron-gannon-326635,326635
98,https://www.espncricinfo.com/cricketers/lungi-ngidi-542023,542023
99,https://www.espncricinfo.com/cricketers/smit-patel-532853,532853
100,https://www.espncricinfo.com/cricketers/nicholas-pooran-604302,604302
101,https://www.espncricinfo.com/cricketers/corey-anderson-277662,277662
102,https://www.espncricinfo.com/cricketers/matthew-wade-230193,230193
103,https://www.espncricinfo.com/cricketers/liam-plunkett-19264,19264
104,https://www.espncricinfo.com/cricketers/jemimah-rodrigues-883405,883405
105,https://www.espncricinfo.com/cricketers/radha-yadav-960737,960737
106,https://www.espncricinfo.com/cricketers/shafali-verma-1182523,1182523
107,https://www.espncricinfo.com/cricketers/jasia-akhtar-961035,961035
108,https://www.espncricinfo.com/cricketers/tara-norris-872217,872217
109,https://www.espncricinfo.com/cricketers/meg-lanning-329336,329336
110,https://www.espncricinfo.com/cricketers/poonam-yadav-630972,630972
111,https://www.espncricinfo.com/cricketers/aparna-mondal-960745,960745
112,https://www.espncricinfo.com/cricketers/shikha-pandey-442145,442145
113,https://www.espncricinfo.com/cricketers/sophie-ecclestone-878039,878039
114,https://www.espncricinfo.com/cricketers/hayley-matthews-474308,474308
115,https://www.espncricinfo.com/cricketers/arundhati-reddy-960867,960867
116,https://www.espncricinfo.com/cricketers/alice-capsey-1187120,1187120
117,https://www.espncricinfo.com/cricketers/nat-sciver-brunt-515905,515905
118,https://www.espncricinfo.com/cricketers/taniya-bhatia-883423,883423
119,https://www.espncricinfo.com/cricketers/titas-sadhu-1255407,1255407
120,https://www.espncricinfo.com/cricketers/laura-harris-951163,951163
121,https://www.espncricinfo.com/cricketers/issy-wong-1146066,1146066
122,https://www.espncricinfo.com/cricketers/sneha-deepthi-627072,627072
123,https://www.espncricinfo.com/cricketers/tahlia-mcgrath-381311,381311
124,https://www.espncricinfo.com/cricketers/minnu-mani-960949,960949
125,https://www.espncricinfo.com/cricketers/marizanne-kapp-351836,351836
126,https://www.espncricinfo.com/cricketers/jess-jonassen-374936,374936
127,https://www.espncricinfo.com/cricketers/gerald-coetzee-596010,596010
128,https://www.espncricinfo.com/cricketers/heinrich-klaasen-436757,436757
129,https://www.espncricinfo.com/cricketers/faf-du-plessis-44828,44828
130,https://www.espncricinfo.com/cricketers/quinton-de-kock-379143,379143
131,https://www.espncricinfo.com/cricketers/rusty-theron-223642,223642
132,https://www.espncricinfo.com/cricketers/imran-tahir-40618,40618
133,https://www.espncricinfo.com/cricketers/zia-shahzad-1160390,1160390
134,https://www.espncricinfo.com/cricketers/david-miller-321777,321777
135,https://www.espncricinfo.com/cricketers/calvin-savage-450881,450881
136,https://www.espncricinfo.com/cricketers/sami-aslam-547079,547079
137,https://www.espncricinfo.com/cricketers/devon-conway-379140,379140
138,https://www.espncricinfo.com/cricketers/cameron-stevenson-953793,953793
139,https://www.espncricinfo.com/cricketers/zia-ul-haq-290739,290739
140,https://www.espncricinfo.com/cricketers/dwayne-bravo-51439,51439
141,https://www.espncricinfo.com/cricketers/trent-boult-277912,277912
142,https://www.espncricinfo.com/cricketers/andrew-tye-459508,459508
143,https://www.espncricinfo.com/cricketers/milind-kumar-451947,451947
144,https://www.espncricinfo.com/cricketers/daniel-sams-826901,826901
145,https://www.espncricinfo.com/cricketers/mohammad-mohsin-935881,935881
146,https://www.espncricinfo.com/cricketers/saiteja-mukkamalla-1193310,1193310
147,https://www.espncricinfo.com/cricketers/cameron-gannon-326635,326635
148,https://www.espncricinfo.com/cricketers/nicholas-pooran-604302,604302
149,https://www.espncricinfo.com/cricketers/cody-chetty-322815,322815
150,https://www.espncricinfo.com/cricketers/mitchell-santner-502714,502714
151,https://www.espncricinfo.com/cricketers/lahiru-milantha-699483,699483
152,https://www.espncricinfo.com/cricketers/heinrich-klaasen-436757,436757
153,https://www.espncricinfo.com/cricketers/ali-khan-927119,927119
154,https://www.espncricinfo.com/cricketers/gajanand-singh-230551,230551
155,https://www.espncricinfo.com/cricketers/martin-guptill-226492,226492
156,https://www.espncricinfo.com/cricketers/unmukt-chand-446499,446499
157,https://www.espncricinfo.com/cricketers/sunil-narine-230558,230558
158,https://www.espncricinfo.com/cricketers/quinton-de-kock-379143,379143
159,https://www.espncricinfo.com/cricketers/jason-roy-298438,298438
160,https://www.espncricinfo.com/cricketers/rilee-rossouw-318845,318845
161,https://www.espncricinfo.com/cricketers/ali-sheikh-1193309,1193309
162,https://www.espncricinfo.com/cricketers/nitish-kumar-348129,348129
163,https://www.espncricinfo.com/cricketers/lockie-ferguson-493773,493773
164,https://www.espncricinfo.com/cricketers/trent-boult-277912,277912
165,https://www.espncricinfo.com/cricketers/bhaskar-yadram-1078699,1078699
166,https://www.espncricinfo.com/cricketers/andrew-tye-459508,459508
167,https://www.espncricinfo.com/cricketers/corn-dry-429927,429927
168,https://www.espncricinfo.com/cricketers/adam-zampa-379504,379504
169,https://www.espncricinfo.com/cricketers/andre-russell-276298,276298
170,https://www.espncricinfo.com/cricketers/shadley-van-schalkwyk-334621,334621
171,https://www.espncricinfo.com/cricketers/cameron-gannon-326635,326635
172,https://www.espncricinfo.com/cricketers/jaskaran-malhotra-430105,430105
173,https://www.espncricinfo.com/cricketers/nicholas-pooran-604302,604302
174,https://www.espncricinfo.com/cricketers/saif-badar-922967,922967
175,https://www.espncricinfo.com/cricketers/spencer-johnson-1123718,1123718
176,https://www.espncricinfo.com/cricketers/chirag-suri-534734,534734
177,https://www.espncricinfo.com/cricketers/rovman-powell-820351,820351
178,https://www.espncricinfo.com/cricketers/wanindu-hasaranga-784379,784379
179,https://www.espncricinfo.com/cricketers/ravi-bopara-10582,10582
180,https://www.espncricinfo.com/cricketers/james-vince-296597,296597
181,https://www.espncricinfo.com/cricketers/robin-uthappa-35582,35582
182,https://www.espncricinfo.com/cricketers/fabian-allen-670013,670013
183,https://www.espncricinfo.com/cricketers/niroshan-dickwella-429754,429754
184,https://www.espncricinfo.com/cricketers/dan-lawrence-641423,641423
185,https://www.espncricinfo.com/cricketers/chamika-karunaratne-623695,623695
186,https://www.espncricinfo.com/cricketers/jash-giyanani-1294146,1294146
187,https://www.espncricinfo.com/cricketers/chris-jordan-288992,288992
188,https://www.espncricinfo.com/cricketers/hazrat-luqman-1241269,1241269
189,https://www.espncricinfo.com/cricketers/kieron-pollard-230559,230559
190,https://www.espncricinfo.com/cricketers/dasun-shanaka-437316,437316
191,https://www.espncricinfo.com/cricketers/alex-hales-249866,249866
192,https://www.espncricinfo.com/cricketers/fred-klaassen-1104703,1104703
193,https://www.espncricinfo.com/cricketers/george-munsey-671805,671805
194,https://www.espncricinfo.com/cricketers/bhanuka-rajapaksa-342619,342619
195,https://www.espncricinfo.com/cricketers/david-wiese-221140,221140
196,https://www.espncricinfo.com/cricketers/hazratullah-zazai-793457,793457
197,https://www.espncricinfo.com/cricketers/yusuf-pathan-32498,32498
198,https://www.espncricinfo.com/cricketers/ollie-white-1193529,1193529
199,https://www.espncricinfo.com/cricketers/joe-root-303669,303669
200,https://www.espncricinfo.com/cricketers/sikandar-raza-299572,299572
201,https://www.espncricinfo.com/cricketers/mujeeb-ur-rahman-974109,974109
202,https://www.espncricinfo.com/cricketers/akif-raja-681067,681067
203,https://www.espncricinfo.com/cricketers/isuru-udana-328026,328026
204,https://www.espncricinfo.com/cricketers/heinrich-klaasen-436757,436757
205,https://www.espncricinfo.com/cricketers/qais-ahmad-914171,914171
206,https://www.espncricinfo.com/cricketers/quinton-de-kock-379143,379143
207,https://www.espncricinfo.com/cricketers/tajinder-singh-1079860,1079860
208,https://www.espncricinfo.com/cricketers/marcus-stoinis-325012,325012
209,https://www.espncricinfo.com/cricketers/aaron-finch-5334,5334
210,https://www.espncricinfo.com/cricketers/finn-allen-959759,959759
211,https://www.espncricinfo.com/cricketers/amila-aponso-429748,429748
212,https://www.espncricinfo.com/cricketers/sanjay-krishnamurthi-1277627,1277627
213,https://www.espncricinfo.com/cricketers/carmi-le-roux-440894,440894
214,https://www.espncricinfo.com/cricketers/trent-boult-277912,277912
215,https://www.espncricinfo.com/cricketers/chaitanya-bishnoi-628217,628217
216,https://www.espncricinfo.com/cricketers/brody-couch-1219972,1219972
217,https://www.espncricinfo.com/cricketers/andrew-tye-459508,459508
218,https://www.espncricinfo.com/cricketers/haris-rauf-1161606,1161606
219,https://www.espncricinfo.com/cricketers/david-white-322812,322812
220,https://www.espncricinfo.com/cricketers/mackenzie-harvey-1076382,1076382
221,https://www.espncricinfo.com/cricketers/shadab-khan-922943,922943
222,https://www.espncricinfo.com/cricketers/cameron-gannon-326635,326635
223,https://www.espncricinfo.com/cricketers/lungi-ngidi-542023,542023
224,https://www.espncricinfo.com/cricketers/smit-patel-532853,532853
225,https://www.espncricinfo.com/cricketers/nicholas-pooran-604302,604302
226,https://www.espncricinfo.com/cricketers/corey-anderson-277662,277662
227,https://www.espncricinfo.com/cricketers/matthew-wade-230193,230193
228,https://www.espncricinfo.com/cricketers/liam-plunkett-19264,19264
229,https://www.espncricinfo.com/cricketers/heinrich-klaasen-436757,436757
230,https://www.espncricinfo.com/cricketers/dane-piedt-379926,379926
231,https://www.espncricinfo.com/cricketers/adam-milne-450860,450860
232,https://www.espncricinfo.com/cricketers/anrich-nortje-481979,481979
233,https://www.espncricinfo.com/cricketers/josh-philippe-1124282,1124282
234,https://www.espncricinfo.com/cricketers/mukhtar-ahmed-556916,556916
235,https://www.espncricinfo.com/cricketers/quinton-de-kock-379143,379143
236,https://www.espncricinfo.com/cricketers/wanindu-hasaranga-784379,784379
237,https://www.espncricinfo.com/cricketers/marco-jansen-696401,696401
238,https://www.espncricinfo.com/cricketers/usman-rafiq-772469,772469
239,https://www.espncricinfo.com/cricketers/andries-gous-485379,485379
240,https://www.espncricinfo.com/cricketers/sujith-gowda-1155264,1155264
241,https://www.espncricinfo.com/cricketers/akeal-hosein-530812,530812
242,https://www.espncricinfo.com/cricketers/trent-boult-277912,277912
243,https://www.espncricinfo.com/cricketers/andrew-tye-459508,459508
244,https://www.espncricinfo.com/cricketers/moises-henriques-5961,5961
245,https://www.espncricinfo.com/cricketers/obus-pienaar-328160,328160
246,https://www.espncricinfo.com/cricketers/glenn-phillips-823509,823509
247,https://www.espncricinfo.com/cricketers/akhilesh-reddy-1252355,1252355
248,https://www.espncricinfo.com/cricketers/cameron-gannon-326635,326635
249,https://www.espncricinfo.com/cricketers/nicholas-pooran-604302,604302
250,https://www.espncricinfo.com/cricketers/tanveer-sangha-1170471,1170471
251,https://www.espncricinfo.com/cricketers/saad-ali-448249,448249
252,https://www.espncricinfo.com/cricketers/ben-dwarshuis-679567,679567
253,https://www.espncricinfo.com/cricketers/saurabh-netravalkar-398513,398513
254,https://www.espncricinfo.com/cricketers/justin-dill-594293,594293
255,https://www.espncricinfo.com/cricketers/jintimani-kalita-1255387,1255387
256,https://www.espncricinfo.com/cricketers/sonam-yadav-1289956,1289956
257,https://www.espncricinfo.com/cricketers/chloe-tryon-453370,453370
258,https://www.espncricinfo.com/cricketers/meg-lanning-329336,329336
259,https://www.espncricinfo.com/cricketers/humaira-kazi-961005,961005
260,https://www.espncricinfo.com/cricketers/sophie-ecclestone-878039,878039
261,https://www.espncricinfo.com/cricketers/hayley-matthews-474308,474308
262,https://www.espncricinfo.com/cricketers/amelia-kerr-803971,803971
263,https://www.espncricinfo.com/cricketers/nat-sciver-brunt-515905,515905
264,https://www.espncricinfo.com/cricketers/harmanpreet-kaur-372317,372317
265,https://www.espncricinfo.com/cricketers/heather-graham-546629,546629
266,https://www.espncricinfo.com/cricketers/dhara-gujjar-1255408,1255408
267,https://www.espncricinfo.com/cricketers/pooja-vastrakar-883413,883413
268,https://www.espncricinfo.com/cricketers/issy-wong-1146066,1146066
269,https://www.espncricinfo.com/cricketers/neelam-bisht-961029,961029
270,https://www.espncricinfo.com/cricketers/yastika-bhatia-960715,960715
271,https://www.espncricinfo.com/cricketers/saika-ishaque-597815,597815
272,https://www.espncricinfo.com/cricketers/tahlia-mcgrath-381311,381311
273,https://www.espncricinfo.com/cricketers/priyanka-bala-1255564,1255564
274,https://www.espncricinfo.com/cricketers/amanjot-kaur-1255411,1255411
275,https://www.espncricinfo.com/cricketers/ali-khan-927119,927119
276,https://www.espncricinfo.com/cricketers/matiullah-khan-1241201,1241201
277,https://www.espncricinfo.com/cricketers/sunil-narine-230558,230558
278,https://www.espncricinfo.com/cricketers/wanindu-hasaranga-784379,784379
279,https://www.espncricinfo.com/cricketers/lahiru-kumara-784375,784375
280,https://www.espncricinfo.com/cricketers/james-vince-296597,296597
281,https://www.espncricinfo.com/cricketers/akeal-hosein-530812,530812
282,https://www.espncricinfo.com/cricketers/paul-stirling-303427,303427
283,https://www.espncricinfo.com/cricketers/brandon-king-670035,670035
284,https://www.espncricinfo.com/cricketers/chris-jordan-288992,288992
285,https://www.espncricinfo.com/cricketers/charith-asalanka-784367,784367
286,https://www.espncricinfo.com/cricketers/ravi-rampaul-52912,52912
287,https://www.espncricinfo.com/cricketers/kieron-pollard-230559,230559
288,https://www.espncricinfo.com/cricketers/alex-hales-249866,249866
289,https://www.espncricinfo.com/cricketers/dhananjaya-de-silva-465793,465793
290,https://www.espncricinfo.com/cricketers/colin-ingram-45705,45705
291,https://www.espncricinfo.com/cricketers/sabir-ali-1328438,1328438
292,https://www.espncricinfo.com/cricketers/treveen-mathew-1282477,1282477
293,https://www.espncricinfo.com/cricketers/kennar-lewis-537319,537319
294,https://www.espncricinfo.com/cricketers/zawar-farid-1196500,1196500
295,https://www.espncricinfo.com/cricketers/david-wiese-221140,221140
296,https://www.espncricinfo.com/cricketers/andre-russell-276298,276298
297,https://www.espncricinfo.com/cricketers/marchant-de-lange-393279,393279
298,https://www.espncricinfo.com/cricketers/brandon-glover-595419,595419
299,https://www.espncricinfo.com/cricketers/connor-esterhuizen-1070997,1070997
300,https://www.espncricinfo.com/cricketers/fahad-nawaz-1126002,1126002
301,https://www.espncricinfo.com/cricketers/raymon-reifer-450101,450101
302,https://www.espncricinfo.com/cricketers/harleen-deol-960845,960845
303,https://www.espncricinfo.com/cricketers/sophia-dunkley-885815,885815
304,https://www.espncricinfo.com/cricketers/hurley-gala-1289680,1289680
305,https://www.espncricinfo.com/cricketers/monica-patel-1213438,1213438
306,https://www.espncricinfo.com/cricketers/sushma-verma-597821,597821
307,https://www.espncricinfo.com/cricketers/meg-lanning-329336,329336
308,https://www.espncricinfo.com/cricketers/sophie-ecclestone-878039,878039
309,https://www.espncricinfo.com/cricketers/hayley-matthews-474308,474308
310,https://www.espncricinfo.com/cricketers/mansi-joshi-960815,960815
311,https://www.espncricinfo.com/cricketers/nat-sciver-brunt-515905,515905
312,https://www.espncricinfo.com/cricketers/georgia-wareham-946057,946057
313,https://www.espncricinfo.com/cricketers/laura-wolvaardt-922481,922481
314,https://www.espncricinfo.com/cricketers/beth-mooney-381258,381258
315,https://www.espncricinfo.com/cricketers/deandra-dottin-355349,355349
316,https://www.espncricinfo.com/cricketers/shabnam-md-1346683,1346683
317,https://www.espncricinfo.com/cricketers/dayalan-hemalatha-961107,961107
318,https://www.espncricinfo.com/cricketers/issy-wong-1146066,1146066
319,https://www.espncricinfo.com/cricketers/ashwani-kumari-1345792,1345792
320,https://www.espncricinfo.com/cricketers/annabel-sutherland-1071705,1071705
321,https://www.espncricinfo.com/cricketers/tanuja-kanwar-960847,960847
322,https://www.espncricinfo.com/cricketers/sabbhineni-meghana-556529,556529
323,https://www.espncricinfo.com/cricketers/parunika-sisodia-1289559,1289559
324,https://www.espncricinfo.com/cricketers/tahlia-mcgrath-381311,381311
325,https://www.espncricinfo.com/cricketers/sneh-rana-556537,556537
326,https://www.espncricinfo.com/cricketers/ashleigh-gardner-858809,858809
327,https://www.espncricinfo.com/cricketers/kim-garth-418423,418423
328,https://www.espncricinfo.com/cricketers/james-vince-296597,296597
329,https://www.espncricinfo.com/cricketers/kieron-pollard-230559,230559
330,https://www.espncricinfo.com/cricketers/alex-hales-249866,249866
331,https://www.espncricinfo.com/cricketers/chris-jordan-288992,288992
332,https://www.espncricinfo.com/cricketers/wanindu-hasaranga-784379,784379
333,https://www.espncricinfo.com/cricketers/david-wiese-221140,221140
334,https://www.espncricinfo.com/cricketers/naveen-ul-haq-793447,793447
335,https://www.espncricinfo.com/cricketers/rahmanullah-gurbaz-974087,974087
336,https://www.espncricinfo.com/cricketers/mohammad-nabi-25913,25913
337,https://www.espncricinfo.com/cricketers/dawid-malan-236489,236489
338,https://www.espncricinfo.com/cricketers/chris-benjamin-1149157,1149157
339,https://www.espncricinfo.com/cricketers/marcus-stoinis-325012,325012
340,https://www.espncricinfo.com/cricketers/wanindu-hasaranga-784379,784379
341,https://www.espncricinfo.com/cricketers/karthik-meiyappan-1058987,1058987
342,https://www.espncricinfo.com/cricketers/evin-lewis-431901,431901
343,https://www.espncricinfo.com/cricketers/mark-deyal-848623,848623
344,https://www.espncricinfo.com/cricketers/jamal-todd-1353031,1353031
345,https://www.espncricinfo.com/cricketers/james-vince-296597,296597
346,https://www.espncricinfo.com/cricketers/junaid-siddique-1203754,1203754
347,https://www.espncricinfo.com/cricketers/joe-denly-12454,12454
348,https://www.espncricinfo.com/cricketers/alishan-sharafu-1161038,1161038
349,https://www.espncricinfo.com/cricketers/moeen-ali-8917,8917
350,https://www.espncricinfo.com/cricketers/paul-walter-909225,909225
351,https://www.espncricinfo.com/cricketers/chris-jordan-288992,288992
352,https://www.espncricinfo.com/cricketers/kieron-pollard-230559,230559
353,https://www.espncricinfo.com/cricketers/muhammad-jawadullah-1353033,1353033
354,https://www.espncricinfo.com/cricketers/noor-ahmad-1182529,1182529
355,https://www.espncricinfo.com/cricketers/alex-hales-249866,249866
356,https://www.espncricinfo.com/cricketers/tom-kohler-cadmore-470633,470633
357,https://www.espncricinfo.com/cricketers/chris-woakes-247235,247235
358,https://www.espncricinfo.com/cricketers/david-wiese-221140,221140
359,https://www.espncricinfo.com/cricketers/bilal-khan-317995,317995
360,https://www.espncricinfo.com/cricketers/chris-lynn-326637,326637
361,https://www.espncricinfo.com/cricketers/dominic-drakes-906749,906749
362,https://www.espncricinfo.com/cricketers/qais-ahmad-914171,914171
363,https://www.espncricinfo.com/cricketers/jamie-overton-510530,510530
364,https://www.espncricinfo.com/cricketers/tom-banton-877051,877051
365,https://www.espncricinfo.com/cricketers/wanindu-hasaranga-784379,784379
366,https://www.espncricinfo.com/cricketers/gerhard-erasmus-519070,519070
367,https://www.espncricinfo.com/cricketers/james-vince-296597,296597
368,https://www.espncricinfo.com/cricketers/aayan-afzal-khan-1241265,1241265
369,https://www.espncricinfo.com/cricketers/ollie-pope-887207,887207
370,https://www.espncricinfo.com/cricketers/chundangapoyil-rizwan-474760,474760
371,https://www.espncricinfo.com/cricketers/chris-jordan-288992,288992
372,https://www.espncricinfo.com/cricketers/kieron-pollard-230559,230559
373,https://www.espncricinfo.com/cricketers/alex-hales-249866,249866
374,https://www.espncricinfo.com/cricketers/richard-gleeson-473191,473191
375,https://www.espncricinfo.com/cricketers/liam-dawson-211855,211855
376,https://www.espncricinfo.com/cricketers/david-wiese-221140,221140
377,https://www.espncricinfo.com/cricketers/shimron-hetmyer-670025,670025
378,https://www.espncricinfo.com/cricketers/rehan-ahmed-1263691,1263691
379,https://www.espncricinfo.com/cricketers/tom-helm-512907,512907
380,https://www.espncricinfo.com/cricketers/carlos-brathwaite-457249,457249
381,https://www.espncricinfo.com/cricketers/ashwanth-valthapa-1199669,1199669
382,https://www.espncricinfo.com/cricketers/sanchit-sharma-1199670,1199670
